sample,value
0,131072
1,131072
2,131072
3,131072
4,131072
5,131072
6,131072
7,131072
8,131072
9,131072
10,131072
11,131072
12,131072
13,131072
14,131072
15,131072
16,131072
17,131072
18,131072
19,131072
20,131072
21,131072
22,131072
23,131072
24,131072
25,131072
26,131072
27,131072
28,131072
29,131072
30,131072
31,131072
32,131072
33,131071
34,131071
35,131071
36,131071
37,131071
38,131071
39,131071
40,131071
41,131071
42,131071
43,131071
44,131071
45,131071
46,131071
47,131071
48,131071
49,131071
50,131071
51,131071
52,131071
53,131071
54,131071
55,131071
56,131071
57,131071
58,131071
59,131071
60,131071
61,131071
62,131071
63,131071
64,131071
65,131070
66,131070
67,131070
68,131070
69,131070
70,131070
71,131070
72,131070
73,131070
74,131070
75,131070
76,131069
77,131069
78,131069
79,131069
80,131069
81,131069
82,131068
83,131068
84,131068
85,131068
86,131067
87,131067
88,131067
89,131067
90,131066
91,131066
92,131066
93,131065
94,131065
95,131064
96,131064
97,131063
98,131063
99,131062
100,131062
101,131061
102,131060
103,131060
104,131059
105,131058
106,131057
107,131056
108,131055
109,131054
110,131053
111,131052
112,131051
113,131050
114,131049
115,131047
116,131046
117,131044
118,131043
119,131041
120,131039
121,131037
122,131035
123,131033
124,131031
125,131029
126,131027
127,131024
128,131022
129,131019
130,131016
131,131013
132,131010
133,131007
134,131004
135,131000
136,130996
137,130992
138,130988
139,130984
140,130980
141,130975
142,130970
143,130965
144,130960
145,130955
146,130949
147,130943
148,130937
149,130931
150,130924
151,130917
152,130910
153,130902
154,130894
155,130886
156,130878
157,130869
158,130860
159,130851
160,130841
161,130831
162,130820
163,130809
164,130798
165,130786
166,130774
167,130761
168,130748
169,130735
170,130721
171,130706
172,130691
173,130676
174,130660
175,130643
176,130626
177,130608
178,130590
179,130571
180,130551
181,130531
182,130510
183,130489
184,130466
185,130444
186,130420
187,130396
188,130371
189,130345
190,130318
191,130291
192,130262
193,130233
194,130203
195,130172
196,130141
197,130108
198,130074
199,130040
200,130004
201,129968
202,129930
203,129892
204,129852
205,129811
206,129770
207,129727
208,129683
209,129637
210,129591
211,129543
212,129495
213,129445
214,129393
215,129341
216,129287
217,129231
218,129175
219,129117
220,129057
221,128997
222,128934
223,128871
224,128806
225,128739
226,128671
227,128601
228,128529
229,128456
230,128382
231,128306
232,128228
233,128148
234,128067
235,127984
236,127899
237,127812
238,127724
239,127634
240,127542
241,127448
242,127352
243,127255
244,127155
245,127054
246,126950
247,126845
248,126737
249,126628
250,126516
251,126403
252,126287
253,126169
254,126049
255,125927
256,125803
257,125677
258,125548
259,125417
260,125285
261,125149
262,125012
263,124872
264,124730
265,124586
266,124440
267,124291
268,124140
269,123986
270,123830
271,123672
272,123511
273,123348
274,123183
275,123015
276,122845
277,122672
278,122497
279,122320
280,122140
281,121957
282,121773
283,121585
284,121396
285,121203
286,121009
287,120812
288,120612
289,120410
290,120206
291,119999
292,119789
293,119577
294,119363
295,119146
296,118927
297,118705
298,118481
299,118254
300,118025
301,117794
302,117560
303,117324
304,117085
305,116844
306,116600
307,116355
308,116107
309,115856
310,115603
311,115348
312,115091
313,114831
314,114569
315,114305
316,114038
317,113770
318,113499
319,113226
320,112951
321,112674
322,112394
323,112113
324,111829
325,111544
326,111256
327,110966
328,110675
329,110381
330,110086
331,109788
332,109489
333,109188
334,108885
335,108581
336,108274
337,107966
338,107657
339,107345
340,107032
341,106717
342,106401
343,106083
344,105764
345,105443
346,105121
347,104797
348,104472
349,104146
350,103819
351,103490
352,103160
353,102828
354,102496
355,102162
356,101827
357,101492
358,101155
359,100817
360,100478
361,100139
362,99798
363,99457
364,99115
365,98772
366,98428
367,98084
368,97738
369,97393
370,97046
371,96700
372,96352
373,96004
374,95656
375,95307
376,94958
377,94609
378,94259
379,93909
380,93558
381,93208
382,92857
383,92506
384,92155
385,91804
386,91453
387,91102
388,90751
389,90400
390,90049
391,89698
392,89347
393,88996
394,88646
395,88296
396,87946
397,87596
398,87246
399,86897
400,86548
401,86200
402,85852
403,85504
404,85157
405,84811
406,84464
407,84119
408,83773
409,83429
410,83085
411,82741
412,82398
413,82056
414,81715
415,81374
416,81033
417,80694
418,80355
419,80016
420,79679
421,79342
422,79006
423,78671
424,78337
425,78003
426,77670
427,77338
428,77007
429,76676
430,76347
431,76018
432,75690
433,75363
434,75036
435,74711
436,74386
437,74063
438,73740
439,73418
440,73097
441,72776
442,72457
443,72138
444,71821
445,71504
446,71188
447,70873
448,70559
449,70245
450,69933
451,69621
452,69310
453,69000
454,68691
455,68382
456,68075
457,67768
458,67462
459,67157
460,66853
461,66549
462,66246
463,65944
464,65643
465,65342
466,65043
467,64744
468,64445
469,64148
470,63851
471,63555
472,63259
473,62965
474,62670
475,62377
476,62084
477,61792
478,61501
479,61210
480,60920
481,60630
482,60341
483,60053
484,59765
485,59478
486,59191
487,58905
488,58619
489,58334
490,58050
491,57766
492,57483
493,57200
494,56917
495,56635
496,56354
497,56073
498,55793
499,55513
500,55233
501,54954
502,54676
503,54398
504,54120
505,53843
506,53566
507,53290
508,53014
509,52738
510,52463
511,52189
512,51914
513,51641
514,51367
515,51094
516,50822
517,50550
518,50278
519,50007
520,49736
521,49466
522,49196
523,48926
524,48657
525,48388
526,48120
527,47852
528,47585
529,47318
530,47051
531,46785
532,46520
533,46255
534,45990
535,45726
536,45462
537,45199
538,44936
539,44674
540,44412
541,44151
542,43891
543,43631
544,43371
545,43112
546,42854
547,42596
548,42338
549,42082
550,41825
551,41570
552,41315
553,41061
554,40807
555,40554
556,40302
557,40050
558,39799
559,39549
560,39299
561,39050
562,38802
563,38555
564,38308
565,38062
566,37817
567,37572
568,37329
569,37086
570,36844
571,36603
572,36362
573,36123
574,35884
575,35646
576,35409
577,35173
578,34938
579,34704
580,34470
581,34238
582,34006
583,33776
584,33546
585,33317
586,33089
587,32863
588,32637
589,32412
590,32188
591,31965
592,31743
593,31523
594,31303
595,31084
596,30866
597,30650
598,30434
599,30219
600,30006
601,29793
602,29582
603,29371
604,29162
605,28953
606,28746
607,28540
608,28335
609,28131
610,27928
611,27726
612,27525
613,27326
614,27127
615,26929
616,26733
617,26537
618,26343
619,26150
620,25958
621,25767
622,25576
623,25387
624,25199
625,25013
626,24827
627,24642
628,24458
629,24275
630,24094
631,23913
632,23733
633,23555
634,23377
635,23200
636,23025
637,22850
638,22677
639,22504
640,22332
641,22161
642,21992
643,21823
644,21655
645,21488
646,21322
647,21157
648,20992
649,20829
650,20667
651,20505
652,20344
653,20184
654,20025
655,19867
656,19710
657,19553
658,19398
659,19243
660,19089
661,18935
662,18783
663,18631
664,18480
665,18330
666,18181
667,18032
668,17884
669,17736
670,17590
671,17444
672,17299
673,17154
674,17010
675,16867
676,16725
677,16583
678,16442
679,16301
680,16161
681,16022
682,15883
683,15745
684,15608
685,15471
686,15334
687,15199
688,15063
689,14929
690,14795
691,14661
692,14529
693,14396
694,14264
695,14133
696,14003
697,13872
698,13743
699,13614
700,13485
701,13357
702,13230
703,13103
704,12976
705,12850
706,12725
707,12600
708,12475
709,12351
710,12228
711,12105
712,11983
713,11861
714,11739
715,11618
716,11498
717,11378
718,11259
719,11140
720,11022
721,10904
722,10786
723,10670
724,10553
725,10438
726,10322
727,10208
728,10093
729,9980
730,9867
731,9754
732,9642
733,9530
734,9419
735,9309
736,9199
737,9090
738,8981
739,8873
740,8765
741,8658
742,8552
743,8446
744,8340
745,8235
746,8131
747,8028
748,7925
749,7822
750,7720
751,7619
752,7518
753,7418
754,7319
755,7220
756,7122
757,7025
758,6928
759,6831
760,6736
761,6641
762,6546
763,6452
764,6359
765,6267
766,6175
767,6084
768,5993
769,5903
770,5814
771,5725
772,5638
773,5550
774,5464
775,5378
776,5292
777,5208
778,5124
779,5041
780,4958
781,4876
782,4795
783,4714
784,4634
785,4555
786,4476
787,4398
788,4321
789,4244
790,4168
791,4092
792,4018
793,3944
794,3870
795,3797
796,3725
797,3654
798,3583
799,3513
800,3443
801,3374
802,3306
803,3238
804,3171
805,3104
806,3038
807,2973
808,2908
809,2844
810,2780
811,2717
812,2655
813,2593
814,2532
815,2471
816,2411
817,2352
818,2293
819,2234
820,2176
821,2119
822,2062
823,2005
824,1949
825,1894
826,1839
827,1785
828,1731
829,1677
830,1625
831,1572
832,1520
833,1469
834,1417
835,1367
836,1317
837,1267
838,1217
839,1168
840,1120
841,1072
842,1024
843,977
844,930
845,883
846,837
847,791
848,746
849,701
850,656
851,612
852,568
853,524
854,481
855,438
856,395
857,353
858,311
859,269
860,227
861,186
862,145
863,105
864,65
865,25
866,-15
867,-54
868,-93
869,-132
870,-171
871,-209
872,-247
873,-285
874,-322
875,-360
876,-397
877,-433
878,-470
879,-506
880,-542
881,-578
882,-613
883,-649
884,-684
885,-718
886,-753
887,-787
888,-821
889,-855
890,-889
891,-922
892,-955
893,-988
894,-1021
895,-1053
896,-1085
897,-1117
898,-1149
899,-1180
900,-1211
901,-1242
902,-1273
903,-1304
904,-1334
905,-1364
906,-1394
907,-1423
908,-1453
909,-1482
910,-1510
911,-1539
912,-1567
913,-1595
914,-1623
915,-1651
916,-1678
917,-1705
918,-1732
919,-1758
920,-1784
921,-1810
922,-1836
923,-1862
924,-1887
925,-1912
926,-1936
927,-1961
928,-1985
929,-2009
930,-2032
931,-2056
932,-2079
933,-2102
934,-2124
935,-2146
936,-2168
937,-2190
938,-2211
939,-2232
940,-2253
941,-2274
942,-2294
943,-2314
944,-2334
945,-2353
946,-2372
947,-2391
948,-2409
949,-2428
950,-2446
951,-2463
952,-2481
953,-2498
954,-2515
955,-2531
956,-2548
957,-2564
958,-2579
959,-2595
960,-2610
961,-2625
962,-2639
963,-2654
964,-2668
965,-2681
966,-2695
967,-2708
968,-2721
969,-2734
970,-2746
971,-2758
972,-2770
973,-2782
974,-2793
975,-2805
976,-2815
977,-2826
978,-2836
979,-2847
980,-2857
981,-2866
982,-2876
983,-2885
984,-2894
985,-2902
986,-2911
987,-2919
988,-2927
989,-2935
990,-2943
991,-2950
992,-2957
993,-2964
994,-2971
995,-2978
996,-2984
997,-2990
998,-2996
999,-3002
1000,-3008
1001,-3013
1002,-3019
1003,-3024
1004,-3029
1005,-3034
1006,-3038
1007,-3043
1008,-3047
1009,-3051
1010,-3055
1011,-3059
1012,-3063
1013,-3066
1014,-3070
1015,-3073
1016,-3076
1017,-3079
1018,-3082
1019,-3085
1020,-3088
1021,-3090
1022,-3093
1023,-3095
1024,-3097
1025,-3099
1026,-3101
1027,-3103
1028,-3105
1029,-3107
1030,-3108
1031,-3110
1032,-3111
1033,-3113
1034,-3114
1035,-3115
1036,-3116
1037,-3117
1038,-3118
1039,-3119
1040,-3120
1041,-3121
1042,-3121
1043,-3122
1044,-3122
1045,-3123
1046,-3123
1047,-3123
1048,-3124
1049,-3124
1050,-3124
1051,-3124
1052,-3124
1053,-3124
1054,-3124
1055,-3123
1056,-3123
1057,-3123
1058,-3122
1059,-3122
1060,-3121
1061,-3121
1062,-3120
1063,-3120
1064,-3119
1065,-3118
1066,-3117
1067,-3116
1068,-3115
1069,-3114
1070,-3113
1071,-3112
1072,-3111
1073,-3110
1074,-3108
1075,-3107
1076,-3106
1077,-3104
1078,-3103
1079,-3101
1080,-3099
1081,-3098
1082,-3096
1083,-3094
1084,-3092
1085,-3090
1086,-3088
1087,-3086
1088,-3084
1089,-3082
1090,-3079
1091,-3077
1092,-3074
1093,-3072
1094,-3069
1095,-3067
1096,-3064
1097,-3061
1098,-3058
1099,-3055
1100,-3052
1101,-3049
1102,-3046
1103,-3043
1104,-3040
1105,-3036
1106,-3033
1107,-3029
1108,-3026
1109,-3022
1110,-3018
1111,-3014
1112,-3010
1113,-3006
1114,-3002
1115,-2998
1116,-2994
1117,-2990
1118,-2985
1119,-2981
1120,-2976
1121,-2972
1122,-2967
1123,-2962
1124,-2957
1125,-2952
1126,-2947
1127,-2942
1128,-2937
1129,-2932
1130,-2927
1131,-2921
1132,-2916
1133,-2910
1134,-2905
1135,-2899
1136,-2893
1137,-2888
1138,-2882
1139,-2876
1140,-2870
1141,-2864
1142,-2857
1143,-2851
1144,-2845
1145,-2839
1146,-2832
1147,-2826
1148,-2819
1149,-2813
1150,-2806
1151,-2799
1152,-2792
1153,-2786
1154,-2779
1155,-2772
1156,-2765
1157,-2758
1158,-2751
1159,-2744
1160,-2736
1161,-2729
1162,-2722
1163,-2715
1164,-2707
1165,-2700
1166,-2692
1167,-2685
1168,-2677
1169,-2670
1170,-2662
1171,-2655
1172,-2647
1173,-2639
1174,-2632
1175,-2624
1176,-2616
1177,-2609
1178,-2601
1179,-2593
1180,-2585
1181,-2577
1182,-2569
1183,-2562
1184,-2554
1185,-2546
1186,-2538
1187,-2530
1188,-2522
1189,-2514
1190,-2506
1191,-2498
1192,-2490
1193,-2482
1194,-2474
1195,-2466
1196,-2458
1197,-2450
1198,-2442
1199,-2434
1200,-2426
1201,-2418
1202,-2410
1203,-2402
1204,-2394
1205,-2386
1206,-2378
1207,-2370
1208,-2362
1209,-2354
1210,-2346
1211,-2339
1212,-2331
1213,-2323
1214,-2315
1215,-2307
1216,-2299
1217,-2291
1218,-2283
1219,-2275
1220,-2268
1221,-2260
1222,-2252
1223,-2244
1224,-2236
1225,-2229
1226,-2221
1227,-2213
1228,-2205
1229,-2198
1230,-2190
1231,-2182
1232,-2175
1233,-2167
1234,-2159
1235,-2152
1236,-2144
1237,-2136
1238,-2129
1239,-2121
1240,-2114
1241,-2106
1242,-2098
1243,-2091
1244,-2083
1245,-2076
1246,-2068
1247,-2061
1248,-2053
1249,-2046
1250,-2038
1251,-2031
1252,-2023
1253,-2016
1254,-2008
1255,-2001
1256,-1993
1257,-1986
1258,-1978
1259,-1971
1260,-1964
1261,-1956
1262,-1949
1263,-1941
1264,-1934
1265,-1927
1266,-1919
1267,-1912
1268,-1904
1269,-1897
1270,-1890
1271,-1882
1272,-1875
1273,-1867
1274,-1860
1275,-1853
1276,-1845
1277,-1838
1278,-1831
1279,-1823
1280,-1816
1281,-1808
1282,-1801
1283,-1794
1284,-1786
1285,-1779
1286,-1772
1287,-1764
1288,-1757
1289,-1750
1290,-1742
1291,-1735
1292,-1727
1293,-1720
1294,-1713
1295,-1705
1296,-1698
1297,-1691
1298,-1683
1299,-1676
1300,-1669
1301,-1661
1302,-1654
1303,-1646
1304,-1639
1305,-1632
1306,-1624
1307,-1617
1308,-1610
1309,-1602
1310,-1595
1311,-1588
1312,-1580
1313,-1573
1314,-1566
1315,-1559
1316,-1551
1317,-1544
1318,-1537
1319,-1529
1320,-1522
1321,-1515
1322,-1508
1323,-1500
1324,-1493
1325,-1486
1326,-1479
1327,-1471
1328,-1464
1329,-1457
1330,-1450
1331,-1443
1332,-1435
1333,-1428
1334,-1421
1335,-1414
1336,-1407
1337,-1400
1338,-1393
1339,-1386
1340,-1379
1341,-1372
1342,-1365
1343,-1358
1344,-1351
1345,-1344
1346,-1337
1347,-1330
1348,-1323
1349,-1316
1350,-1309
1351,-1302
1352,-1295
1353,-1289
1354,-1282
1355,-1275
1356,-1268
1357,-1261
1358,-1255
1359,-1248
1360,-1241
1361,-1235
1362,-1228
1363,-1222
1364,-1215
1365,-1208
1366,-1202
1367,-1195
1368,-1189
1369,-1182
1370,-1176
1371,-1170
1372,-1163
1373,-1157
1374,-1150
1375,-1144
1376,-1138
1377,-1132
1378,-1125
1379,-1119
1380,-1113
1381,-1107
1382,-1101
1383,-1094
1384,-1088
1385,-1082
1386,-1076
1387,-1070
1388,-1064
1389,-1058
1390,-1052
1391,-1046
1392,-1040
1393,-1035
1394,-1029
1395,-1023
1396,-1017
1397,-1011
1398,-1006
1399,-1000
1400,-994
1401,-988
1402,-983
1403,-977
1404,-972
1405,-966
1406,-960
1407,-955
1408,-949
1409,-944
1410,-938
1411,-933
1412,-927
1413,-922
1414,-917
1415,-911
1416,-906
1417,-901
1418,-895
1419,-890
1420,-885
1421,-879
1422,-874
1423,-869
1424,-864
1425,-859
1426,-854
1427,-848
1428,-843
1429,-838
1430,-833
1431,-828
1432,-823
1433,-818
1434,-813
1435,-808
1436,-803
1437,-798
1438,-793
1439,-788
1440,-783
1441,-779
1442,-774
1443,-769
1444,-764
1445,-759
1446,-754
1447,-750
1448,-745
1449,-740
1450,-736
1451,-731
1452,-726
1453,-721
1454,-717
1455,-712
1456,-708
1457,-703
1458,-698
1459,-694
1460,-689
1461,-685
1462,-680
1463,-676
1464,-671
1465,-667
1466,-662
1467,-658
1468,-653
1469,-649
1470,-645
1471,-640
1472,-636
1473,-631
1474,-627
1475,-623
1476,-619
1477,-614
1478,-610
1479,-606
1480,-602
1481,-597
1482,-593
1483,-589
1484,-585
1485,-581
1486,-577
1487,-572
1488,-568
1489,-564
1490,-560
1491,-556
1492,-552
1493,-548
1494,-544
1495,-540
1496,-536
1497,-532
1498,-528
1499,-524
1500,-521
1501,-517
1502,-513
1503,-509
1504,-505
1505,-501
1506,-498
1507,-494
1508,-490
1509,-486
1510,-483
1511,-479
1512,-475
1513,-472
1514,-468
1515,-464
1516,-461
1517,-457
1518,-454
1519,-450
1520,-447
1521,-443
1522,-440
1523,-436
1524,-433
1525,-429
1526,-426
1527,-423
1528,-419
1529,-416
1530,-413
1531,-409
1532,-406
1533,-403
1534,-400
1535,-396
1536,-393
1537,-390
1538,-387
1539,-384
1540,-380
1541,-377
1542,-374
1543,-371
1544,-368
1545,-365
1546,-362
1547,-359
1548,-356
1549,-353
1550,-350
1551,-347
1552,-344
1553,-341
1554,-338
1555,-336
1556,-333
1557,-330
1558,-327
1559,-324
1560,-321
1561,-319
1562,-316
1563,-313
1564,-310
1565,-308
1566,-305
1567,-302
1568,-300
1569,-297
1570,-294
1571,-292
1572,-289
1573,-287
1574,-284
1575,-282
1576,-279
1577,-277
1578,-274
1579,-272
1580,-269
1581,-267
1582,-264
1583,-262
1584,-259
1585,-257
1586,-255
1587,-252
1588,-250
1589,-248
1590,-245
1591,-243
1592,-241
1593,-238
1594,-236
1595,-234
1596,-232
1597,-230
1598,-227
1599,-225
1600,-223
1601,-221
1602,-219
1603,-216
1604,-214
1605,-212
1606,-210
1607,-208
1608,-206
1609,-204
1610,-202
1611,-200
1612,-198
1613,-196
1614,-194
1615,-192
1616,-190
1617,-188
1618,-186
1619,-184
1620,-182
1621,-180
1622,-178
1623,-176
1624,-174
1625,-173
1626,-171
1627,-169
1628,-167
1629,-165
1630,-163
1631,-162
1632,-160
1633,-158
1634,-156
1635,-155
1636,-153
1637,-151
1638,-149
1639,-148
1640,-146
1641,-144
1642,-143
1643,-141
1644,-139
1645,-138
1646,-136
1647,-134
1648,-133
1649,-131
1650,-130
1651,-128
1652,-127
1653,-125
1654,-123
1655,-122
1656,-120
1657,-119
1658,-117
1659,-116
1660,-114
1661,-113
1662,-112
1663,-110
1664,-109
1665,-107
1666,-106
1667,-104
1668,-103
1669,-102
1670,-100
1671,-99
1672,-98
1673,-96
1674,-95
1675,-94
1676,-92
1677,-91
1678,-90
1679,-89
1680,-87
1681,-86
1682,-85
1683,-84
1684,-82
1685,-81
1686,-80
1687,-79
1688,-78
1689,-76
1690,-75
1691,-74
1692,-73
1693,-72
1694,-71
1695,-70
1696,-69
1697,-67
1698,-66
1699,-65
1700,-64
1701,-63
1702,-62
1703,-61
1704,-60
1705,-59
1706,-58
1707,-57
1708,-56
1709,-55
1710,-54
1711,-53
1712,-52
1713,-51
1714,-50
1715,-49
1716,-49
1717,-48
1718,-47
1719,-46
1720,-45
1721,-44
1722,-43
1723,-42
1724,-42
1725,-41
1726,-40
1727,-39
1728,-38
1729,-37
1730,-37
1731,-36
1732,-35
1733,-34
1734,-34
1735,-33
1736,-32
1737,-31
1738,-31
1739,-30
1740,-29
1741,-28
1742,-28
1743,-27
1744,-26
1745,-26
1746,-25
1747,-24
1748,-24
1749,-23
1750,-22
1751,-22
1752,-21
1753,-20
1754,-20
1755,-19
1756,-18
1757,-18
1758,-17
1759,-17
1760,-16
1761,-15
1762,-15
1763,-14
1764,-14
1765,-13
1766,-13
1767,-12
1768,-12
1769,-11
1770,-11
1771,-10
1772,-10
1773,-9
1774,-9
1775,-8
1776,-8
1777,-7
1778,-7
1779,-6
1780,-6
1781,-5
1782,-5
1783,-4
1784,-4
1785,-3
1786,-3
1787,-3
1788,-2
1789,-2
1790,-1
1791,-1
1792,0
1793,0
1794,0
1795,1
1796,1
1797,1
1798,2
1799,2
1800,3
1801,3
1802,3
1803,4
1804,4
1805,4
1806,5
1807,5
1808,5
1809,6
1810,6
1811,6
1812,6
1813,7
1814,7
1815,7
1816,8
1817,8
1818,8
1819,8
1820,9
1821,9
1822,9
1823,9
1824,10
1825,10
1826,10
1827,10
1828,11
1829,11
1830,11
1831,11
1832,12
1833,12
1834,12
1835,12
1836,12
1837,13
1838,13
1839,13
1840,13
1841,13
1842,13
1843,14
1844,14
1845,14
1846,14
1847,14
1848,14
1849,15
1850,15
1851,15
1852,15
1853,15
1854,15
1855,15
1856,15
1857,16
1858,16
1859,16
1860,16
1861,16
1862,16
1863,16
1864,16
1865,16
1866,16
1867,17
1868,17
1869,17
1870,17
1871,17
1872,17
1873,17
1874,17
1875,17
1876,17
1877,17
1878,17
1879,17
1880,17
1881,17
1882,17
1883,17
1884,17
1885,17
1886,18
1887,18
1888,18
1889,18
1890,18
1891,18
1892,18
1893,18
1894,18
1895,18
1896,18
1897,18
1898,18
1899,18
1900,18
1901,18
1902,18
1903,18
1904,18
1905,18
1906,18
1907,17
1908,17
1909,17
1910,17
1911,17
1912,17
1913,17
1914,17
1915,17
1916,17
1917,17
1918,17
1919,17
1920,17
1921,17
1922,17
1923,17
1924,17
1925,17
1926,17
1927,17
1928,17
1929,16
1930,16
1931,16
1932,16
1933,16
1934,16
1935,16
1936,16
1937,16
1938,16
1939,16
1940,16
1941,15
1942,15
1943,15
1944,15
1945,15
1946,15
1947,15
1948,15
1949,15
1950,15
1951,15
1952,14
1953,14
1954,14
1955,14
1956,14
1957,14
1958,14
1959,14
1960,14
1961,13
1962,13
1963,13
1964,13
1965,13
1966,13
1967,13
1968,13
1969,12
1970,12
1971,12
1972,12
1973,12
1974,12
1975,12
1976,12
1977,11
1978,11
1979,11
1980,11
1981,11
1982,11
1983,11
1984,10
1985,10
1986,10
1987,10
1988,10
1989,10
1990,10
1991,9
1992,9
1993,9
1994,9
1995,9
1996,9
1997,8
1998,8
1999,8
2000,8
2001,8
2002,8
2003,8
2004,7
2005,7
2006,7
2007,7
2008,7
2009,7
2010,6
2011,6
2012,6
2013,6
2014,6
2015,6
2016,5
2017,5
2018,5
2019,5
2020,5
2021,5
2022,4
2023,4
2024,4
2025,4
2026,4
2027,4
2028,3
2029,3
2030,3
2031,3
2032,3
2033,2
2034,2
2035,2
2036,2
2037,2
2038,2
2039,1
2040,1
2041,1
2042,1
2043,1
2044,1
2045,0
2046,0
2047,0
